term,coef,se,t,p,ci_low,ci_high,model
wind_onshore_gw,-6.9367,0.348,-19.9312,0.0,-7.6188,-6.2546,"stacked, zone FE, clustered by zone-day"
wind_onshore_gw:C(zone)[T.SE2],-0.2599,0.4468,-0.5816,0.5608,-1.1355,0.6158,"stacked, zone FE, clustered by zone-day"
wind_onshore_gw:C(zone)[T.SE3],-1.9023,0.5143,-3.6991,0.0002,-2.9102,-0.8944,"stacked, zone FE, clustered by zone-day"
wind_onshore_gw:C(zone)[T.SE4],-2.4053,0.5592,-4.3017,0.0,-3.5013,-1.3094,"stacked, zone FE, clustered by zone-day"
load_gw,9.2141,0.3932,23.4324,0.0,8.4434,9.9847,"stacked, zone FE, clustered by zone-day"
solar_gw,-20.3928,0.8918,-22.8661,0.0,-22.1407,-18.6448,"stacked, zone FE, clustered by zone-day"
temp_c,-0.5471,0.1122,-4.8772,0.0,-0.767,-0.3273,"stacked, zone FE, clustered by zone-day"
flow_sum_gw,1.5984,0.4651,3.4364,0.0006,0.6867,2.51,"stacked, zone FE, clustered by zone-day"
JOINT F on interactions,9.599,,,2.5356050788164715e-06,,,F-test
